<application>
  <component name="AndroidLogcatFilterHistory">
    <option name="favorites">
      <list>
        <option value="package:mine " />
      </list>
    </option>
    <option name="mostRecentlyUsed" value=" " />
    <option name="nonFavorites">
      <list>
        <option value=" " />
        <option value="package:mine -tag:HostConnection -tag:WelcomeFragment -tag:System -tag:TetheringManager -tag:BindingAdapters -tag:CategoryUi  -tag:StartViewModel -tag:HomeFragment  -tag:HomeViewModel" />
        <option value="package:mine -tag:HostConnection -tag:WelcomeFragment -tag:System -tag:TetheringManager -tag:BindingAdapters -tag:CategoryUi  -tag:StartViewModel -tag:HomeFragment " />
        <option value="package:mine -tag:HostConnection -tag:WelcomeFragment -tag:System -tag:TetheringManager -tag:BindingAdapters -tag:CategoryUi " />
        <option value="package:mine -tag:HostConnection -tag:WelcomeFragment -tag:System -tag:TetheringManager" />
        <option value="package:mine -tag:HostConnection -tag:WelcomeFragment -tag:System" />
        <option value="package:mine -tag:HostConnection -tag:WelcomeFragment" />
        <option value="package:mine -tag:HostConnection -" />
        <option value="package:mine -tag:HostConnection" />
        <option value="package:mine  -tag:BindingAdapters   -tag:CategoryUi  -tag:HostConnection -tag:Gralloc4 -tag:android.widget.GridLayout  -tag:TetheringManager tag:" />
        <option value="package:mine  -tag:BindingAdapters   -tag:CategoryUi  -tag:HostConnection -tag:Gralloc4 -tag:android.widget.GridLayout  -tag:TetheringManager" />
        <option value="tag:data" />
        <option value="package:mine  -tag:BindingAdapters   -tag:CategoryUi  -tag:HostConnection -tag:Gralloc4 -tag:Gralloc4 -tag:TetheringManager" />
        <option value="package:mine  -tag:BindingAdapters   -tag:CategoryUi  -tag:HostConnection -tag:Gralloc4 -tag:Gralloc4" />
        <option value="package:mine  -tag:BindingAdapters   -tag:CategoryUi  -tag:HostConnection   -tag:Gralloc4" />
        <option value="package:mine  -tag:BindingAdapters   -tag:CategoryUi  -tag:HostConnection  " />
        <option value="package:mine  -tag:BindingAdapters   -tag:CategoryUi  -tag:CategoryUi  " />
        <option value="package:mine  -tag:BindingAdapters   -tag:BindingAdapters " />
        <option value="package:mine  -tag:BindingAdapters " />
        <option value="package:mine  -tag:BpBinder " />
      </list>
    </option>
  </component>
</application>