<application>
  <component name="AndroidLogcatSettings">
    <option name="ignoredTags">
      <set>
        <option value="LeakCanary" />
        <option value="Choreographer" />
        <option value="hwaps" />
        <option value="libEGL" />
        <option value="HwFLClassLoader" />
        <option value="HwRTBlurUtils" />
        <option value="RenderScript HIDL Adaptation" />
        <option value="InputMethodManager" />
        <option value="chatty" />
        <option value="NativeCrypto" />
        <option value="ActivityManager" />
        <option value="Gralloc4" />
        <option value="ProviderInstaller" />
        <option value="Input" />
        <option value="Timber_CategoryUi" />
        <option value="Minikin" />
        <option value="PressGestureDetector" />
        <option value="ProfileInstaller" />
        <option value="OpenGLRenderer" />
        <option value="HwSecImmHelper" />
        <option value="Settings" />
        <option value="zygote64" />
        <option value="MemoryLeakMonitorManager" />
        <option value="IInputConnectionWrapper" />
        <option value="HwApiCacheMangerEx" />
        <option value="HwPolicyFactory" />
        <option value="NotificationManager" />
        <option value="HwCust" />
        <option value="BindingAdapters" />
        <option value="ResourceType" />
        <option value="HwGalleryCacheManagerImpl" />
        <option value="EGL_emulation" />
        <option value="NetworkSecurityConfig" />
        <option value="RenderScript" />
        <option value="HostConnection" />
        <option value="mali_winsys" />
        <option value="CubicBezierInterpolator" />
        <option value="HwWidgetFactory" />
        <option value="DynamiteModule" />
        <option value="ample.audioqui" />
        <option value="goldfish-address-space" />
        <option value="FA" />
        <option value="m.audioquiz.de" />
        <option value="AwareLog" />
      </set>
    </option>
  </component>
</application>