<application>
  <component name="BuildProcessSatisfactionSurveyStore">
    <option name="daysWithGradleBuilds" value="5" />
    <option name="firstKotlinGradleBuildTime" value="1730151371" />
    <option name="lastKotlinGradleBuildTime" value="1730557203" />
    <option name="nextCountedGradleBuild" value="1730634453" />
  </component>
  <component name="KotlinNewUserTracker">
    <option name="firstKtFileOpened" value="1712313841" />
    <option name="lastKtFileOpened" value="1730564892" />
    <option name="newKtUserSince" value="1720992809" />
  </component>
</application>