<application>
  <component name="SonarLintGlobalSettings">
    <option name="focusOnNewCode" value="true" />
    <option name="rulesByKey">
      <map>
        <entry key="java:S1192">
          <value>
            <Rule active="false" key="java:S1192" />
          </value>
        </entry>
        <entry key="java:S1220">
          <value>
            <Rule active="false" key="java:S1220" />
          </value>
        </entry>
        <entry key="java:S1874">
          <value>
            <Rule active="false" key="java:S1874" />
          </value>
        </entry>
      </map>
    </option>
    <option name="secretsNeverBeenAnalysed" value="false" />
    <rules>
      <Rule active="false" key="java:S1874" />
      <Rule active="false" key="java:S1192" />
      <Rule active="false" key="java:S1220" />
    </rules>
  </component>
</application>