<application>
  <component name="CachedDictionaryState">
    <words>
      <w>abcdefghijklmnopqrstuvwxyz</w>
      <w>answergridframe</w>
      <w>audioquiz</w>
      <w>autonomousapps</w>
      <w>bumptech</w>
      <w>completionist</w>
      <w>designsystem</w>
      <w>fayard</w>
      <w>firestore</w>
      <w>inharmonic</w>
      <w>jraska</w>
      <w>krusty</w>
      <w>lexend</w>
      <w>menutext</w>
      <w>milhouse</w>
      <w>musictheory</w>
      <w>quizresult</w>
      <w>reauthenticate</w>
      <w>soundwaves</w>
      <w>squareup</w>
      <w>unelevated</w>
    </words>
  </component>
</application>