<application>
  <component name="Trusted.Paths">
    <option name="TRUSTED_PROJECT_PATHS">
      <map>
        <entry key="C:\Users\Adrian\Downloads\CodiaDemoJava-20240407101939" value="true" />
        <entry key="W:\Programming\AndroidStudio_Projects\HzHubQuizApp" value="true" />
        <entry key="W:\Programming\AndroidStudio_Projects\Mobile_Software_Engineering\AudioQuiz-main" value="true" />
        <entry key="W:\Programming\AndroidStudio_Projects\Mobile_Software_Engineering\AudioQuiz-main\my-android-project" value="true" />
        <entry key="W:\Programming\AndroidStudio_Projects\Mobile_Software_Engineering\AudioQuiz-main\my-build-logic" value="true" />
        <entry key="W:\Programming\AndroidStudio_Projects\Mobile_Software_Engineering\AudioQuiz-master" value="true" />
        <entry key="W:\Programming\AndroidStudio_Projects\Mobile_Software_Engineering\MyApplication" value="true" />
        <entry key="W:\Programming\AndroidStudio_Projects\Mobile_Software_Engineering\com\adrian" value="true" />
        <entry key="W:\Programming\AndroidStudio_Projects\Mobile_Software_Engineering\inphase-App" value="true" />
        <entry key="W:\Programming\AndroidStudio_Projects\Mobile_Software_Engineering\inphase-App\quiz_app" value="true" />
        <entry key="W:\Programming\AndroidStudio_Projects\Mobile_Software_Engineering\inphase_app\quiz_app" value="true" />
        <entry key="W:\Programming\AndroidStudio_Projects\Mobile_Software_Engineering\old 03.07\quiz_app_Clean+MVVM - Copy" value="true" />
        <entry key="W:\Programming\AndroidStudio_Projects\Mobile_Software_Engineering\old 03.07\quiz_app_Clean+MVVM - Copy\quiz_app" value="true" />
        <entry key="W:\Programming\AndroidStudio_Projects\Mobile_Software_Engineering\quiz_app" value="true" />
        <entry key="W:\Programming\AndroidStudio_Projects\Mobile_Software_Engineering\quiz_app_Clean+MVVM - Copy - Copy\quiz_app" value="true" />
        <entry key="W:\Programming\AndroidStudio_Projects\Mobile_Software_Engineering\quiz_app_Clean+MVVM - Copy\quiz_app" value="true" />
        <entry key="W:\Programming\AndroidStudio_Projects\Mobile_Software_Engineering\quiz_app_Clean+MVVM - kotlin\quiz_app" value="true" />
        <entry key="W:\Programming\AndroidStudio_Projects\Mobile_Software_Engineering\quiz_app_Clean+MVVM\quiz_app" value="true" />
        <entry key="W:\Programming\AndroidStudio_Projects\Mobile_Software_Engineering\quiz_app_MVVM_Navigation\quiz_app" value="true" />
        <entry key="W:\Programming\AndroidStudio_Projects\Mobile_Software_Engineering\testsss" value="true" />
        <entry key="W:\Programming\AndroidStudio_Projects\Projects" value="true" />
        <entry key="W:\Programming\AndroidStudio_Projects\Ptojects\AudioQuizApp Main\TheAudioQuiz" value="true" />
        <entry key="W:\Programming\AndroidStudio_Projects\Ptojects\CodiaExamples" value="true" />
        <entry key="W:\Programming\AndroidStudio_Projects\Ptojects\External\4Cast-main" value="true" />
        <entry key="W:\Programming\AndroidStudio_Projects\Ptojects\External\ANDROID-DEV-APPS\nowinandroid-main" value="true" />
        <entry key="W:\Programming\AndroidStudio_Projects\Ptojects\External\Android-CleanArchitecture-master" value="true" />
        <entry key="W:\Programming\AndroidStudio_Projects\Ptojects\External\Android-Material-Design-UI-Components-master" value="true" />
        <entry key="W:\Programming\AndroidStudio_Projects\Ptojects\External\Android-Multi-Module-master" value="true" />
        <entry key="W:\Programming\AndroidStudio_Projects\Ptojects\External\AppResturent-master" value="true" />
        <entry key="W:\Programming\AndroidStudio_Projects\Ptojects\External\Clean-multimodel-arch-master" value="true" />
        <entry key="W:\Programming\AndroidStudio_Projects\Ptojects\External\CleanArchitectureForAndroid-master" value="true" />
        <entry key="W:\Programming\AndroidStudio_Projects\Ptojects\External\CleanArchitectureForAndroidmaster" value="true" />
        <entry key="W:\Programming\AndroidStudio_Projects\Ptojects\External\Duolingo-Clone-master" value="true" />
        <entry key="W:\Programming\AndroidStudio_Projects\Ptojects\External\Duolingo-Clone-master\DuolingoClone" value="true" />
        <entry key="W:\Programming\AndroidStudio_Projects\Ptojects\External\EffectiveAndroidUI-master" value="true" />
        <entry key="W:\Programming\AndroidStudio_Projects\Ptojects\External\Energy-Life-UI-Design-Android-master" value="true" />
        <entry key="W:\Programming\AndroidStudio_Projects\Ptojects\External\Finances-develop" value="true" />
        <entry key="W:\Programming\AndroidStudio_Projects\Ptojects\External\Fitness" value="true" />
        <entry key="W:\Programming\AndroidStudio_Projects\Ptojects\External\GRADLE_TEMPLATES\Zgradle-mix" value="true" />
        <entry key="W:\Programming\AndroidStudio_Projects\Ptojects\External\GRADLE_TEMPLATES\Zgradle-mix\ComposeNews-kmp" value="true" />
        <entry key="W:\Programming\AndroidStudio_Projects\Ptojects\External\GRADLE_TEMPLATES\Zgradle-mix\idiomatic-gradle-2e5dfa1d30dea6431f4f7e010748afc43103997c" value="true" />
        <entry key="W:\Programming\AndroidStudio_Projects\Ptojects\External\GRADLE_TEMPLATES\Zgradle-mix\sample-code-movies-develop" value="true" />
        <entry key="W:\Programming\AndroidStudio_Projects\Ptojects\External\GRADLE_TEMPLATES\Zgradle-mix\sample-structuring-gradle" value="true" />
        <entry key="W:\Programming\AndroidStudio_Projects\Ptojects\External\GRADLE_TEMPLATES\android-app-template-main" value="true" />
        <entry key="W:\Programming\AndroidStudio_Projects\Ptojects\External\GRADLE_TEMPLATES\android-gradle-plugin-template-main" value="true" />
        <entry key="W:\Programming\AndroidStudio_Projects\Ptojects\External\GRADLE_TEMPLATES\android-template-develop" value="true" />
        <entry key="W:\Programming\AndroidStudio_Projects\Ptojects\External\GRADLE_TEMPLATES\gradle-project-setup-howto-android" value="true" />
        <entry key="W:\Programming\AndroidStudio_Projects\Ptojects\External\GRADLE_TEMPLATES\sample-code-movies-develop" value="true" />
        <entry key="W:\Programming\AndroidStudio_Projects\Ptojects\External\GRADLE_TEMPLATES\understanding-gradle-main\03_Plugins\my-build-logic" value="true" />
        <entry key="W:\Programming\AndroidStudio_Projects\Ptojects\External\GRADLE_TEMPLATES\understanding-gradle-main\14_Settings_Plugins\my-project" value="true" />
        <entry key="W:\Programming\AndroidStudio_Projects\Ptojects\External\GRADLE_TEMPLATES\understanding-gradle-main\16_Source_Sets" value="true" />
        <entry key="W:\Programming\AndroidStudio_Projects\Ptojects\External\ITCS424-PJ_Diaryly-master" value="true" />
        <entry key="W:\Programming\AndroidStudio_Projects\Ptojects\External\Jetpack-Navigation-Hilt-MultiModule-Example-main" value="true" />
        <entry key="W:\Programming\AndroidStudio_Projects\Ptojects\External\LingoAssist-master" value="true" />
        <entry key="W:\Programming\AndroidStudio_Projects\Ptojects\External\MPAndroidChart-master" value="true" />
        <entry key="W:\Programming\AndroidStudio_Projects\Ptojects\External\MPChartExample-master" value="true" />
        <entry key="W:\Programming\AndroidStudio_Projects\Ptojects\External\MULTI_MODULE-SOLID\4Cast-main" value="true" />
        <entry key="W:\Programming\AndroidStudio_Projects\Ptojects\External\MULTI_MODULE-SOLID\4Cast-main\data" value="true" />
        <entry key="W:\Programming\AndroidStudio_Projects\Ptojects\External\MULTI_MODULE-SOLID\Android-Multi-Module-master" value="true" />
        <entry key="W:\Programming\AndroidStudio_Projects\Ptojects\External\MULTI_MODULE-SOLID\Clean-multimodel-arch-master" value="true" />
        <entry key="W:\Programming\AndroidStudio_Projects\Ptojects\External\MULTI_MODULE-SOLID\Finances-develop" value="true" />
        <entry key="W:\Programming\AndroidStudio_Projects\Ptojects\External\MULTI_MODULE-SOLID\Jetpack-Navigation-Hilt-MultiModule-Example-main" value="true" />
        <entry key="W:\Programming\AndroidStudio_Projects\Ptojects\External\MULTI_MODULE-SOLID\Lists-master" value="true" />
        <entry key="W:\Programming\AndroidStudio_Projects\Ptojects\External\MULTI_MODULE-SOLID\SOLID m ix" value="true" />
        <entry key="W:\Programming\AndroidStudio_Projects\Ptojects\External\MULTI_MODULE-SOLID\adva-materials-editions-2.0\08-multi-module-apps\projects\final" value="true" />
        <entry key="W:\Programming\AndroidStudio_Projects\Ptojects\External\MULTI_MODULE-SOLID\adva-materials-editions-2.0\20-release-optimizations\projects\final" value="true" />
        <entry key="W:\Programming\AndroidStudio_Projects\Ptojects\External\MULTI_MODULE-SOLID\android-blueprint-hilt-modularization-main" value="true" />
        <entry key="W:\Programming\AndroidStudio_Projects\Ptojects\External\MULTI_MODULE-SOLID\android-modular-architecture-master" value="true" />
        <entry key="W:\Programming\AndroidStudio_Projects\Ptojects\External\MULTI_MODULE-SOLID\android-multimodule-navigation-example-master" value="true" />
        <entry key="W:\Programming\AndroidStudio_Projects\Ptojects\External\MULTI_MODULE-SOLID\android-showcase-main" value="true" />
        <entry key="W:\Programming\AndroidStudio_Projects\Ptojects\External\MULTI_MODULE-SOLID\github-client-c0e4817a00efc1d3ffbea69471ce0adc76699992" value="true" />
        <entry key="W:\Programming\AndroidStudio_Projects\Ptojects\External\MULTI_MODULE-SOLID\movies-android-master" value="true" />
        <entry key="W:\Programming\AndroidStudio_Projects\Ptojects\External\MULTI_MODULE-SOLID\moviespreview-develop" value="true" />
        <entry key="W:\Programming\AndroidStudio_Projects\Ptojects\External\MULTI_MODULE-SOLID\multi-module-navigation-sample-hybrid" value="true" />
        <entry key="W:\Programming\AndroidStudio_Projects\Ptojects\External\MaterialComponents-master" value="true" />
        <entry key="W:\Programming\AndroidStudio_Projects\Ptojects\External\Modular-Clean-Arch-Movie-App-main" value="true" />
        <entry key="W:\Programming\AndroidStudio_Projects\Ptojects\External\MovieDB-master" value="true" />
        <entry key="W:\Programming\AndroidStudio_Projects\Ptojects\External\MyApplication" value="true" />
        <entry key="W:\Programming\AndroidStudio_Projects\Ptojects\External\Plantilla-Android" value="true" />
        <entry key="W:\Programming\AndroidStudio_Projects\Ptojects\External\QUIZES\Duolingo-Clone-master" value="true" />
        <entry key="W:\Programming\AndroidStudio_Projects\Ptojects\External\QUIZES\Duolingo-Clone-master\DuolingoClone" value="true" />
        <entry key="W:\Programming\AndroidStudio_Projects\Ptojects\External\QUIZES\LingoAssist-master" value="true" />
        <entry key="W:\Programming\AndroidStudio_Projects\Ptojects\External\QUIZES\QuizApp-main" value="true" />
        <entry key="W:\Programming\AndroidStudio_Projects\Ptojects\External\QUIZES\firebase-android-quiz-app-master" value="true" />
        <entry key="W:\Programming\AndroidStudio_Projects\Ptojects\External\QuizApp-main" value="true" />
        <entry key="W:\Programming\AndroidStudio_Projects\Ptojects\External\RXJAVA\cheesefinder-finished" value="true" />
        <entry key="W:\Programming\AndroidStudio_Projects\Ptojects\External\RyanApp" value="true" />
        <entry key="W:\Programming\AndroidStudio_Projects\Ptojects\External\SampleProfileUi-master" value="true" />
        <entry key="W:\Programming\AndroidStudio_Projects\Ptojects\External\SciChart.Android.Examples-SciChart_v4_Release" value="true" />
        <entry key="W:\Programming\AndroidStudio_Projects\Ptojects\External\Template01Fittt" value="true" />
        <entry key="W:\Programming\AndroidStudio_Projects\Ptojects\External\Tinder_Login_And_SignUp_UI_XML-master" value="true" />
        <entry key="W:\Programming\AndroidStudio_Projects\Ptojects\External\android-multimodule-navigation-example-master" value="true" />
        <entry key="W:\Programming\AndroidStudio_Projects\Ptojects\External\android-quiz-template-master" value="true" />
        <entry key="W:\Programming\AndroidStudio_Projects\Ptojects\External\blackand white" value="true" />
        <entry key="W:\Programming\AndroidStudio_Projects\Ptojects\External\material-components-android-examples-develop\Owl" value="true" />
        <entry key="W:\Programming\AndroidStudio_Projects\Ptojects\External\material-components-android-examples-develop\Reply" value="true" />
        <entry key="W:\Programming\AndroidStudio_Projects\Ptojects\External\maths-learning-game-master" value="true" />
        <entry key="W:\Programming\AndroidStudio_Projects\Ptojects\External\movies-android-master" value="true" />
        <entry key="W:\Programming\AndroidStudio_Projects\Ptojects\External\moviespreview-develop" value="true" />
        <entry key="W:\Programming\AndroidStudio_Projects\Ptojects\External\multi-module-navigation-sample-hybrid" value="true" />
        <entry key="W:\Programming\AndroidStudio_Projects\Ptojects\External\nowinandroid-main" value="true" />
        <entry key="W:\Programming\AndroidStudio_Projects\Ptojects\External\test1" value="true" />
        <entry key="W:\Programming\AndroidStudio_Projects\Ptojects\External\test2" value="true" />
        <entry key="W:\Programming\AndroidStudio_Projects\Ptojects\External\testt" value="true" />
        <entry key="W:\Programming\AndroidStudio_Projects\Ptojects\External\testtagjs" value="true" />
        <entry key="W:\Programming\AndroidStudio_Projects\Ptojects\External\trivia-revamp-main" value="true" />
        <entry key="W:\Programming\AndroidStudio_Projects\Ptojects\External\tstt3" value="true" />
        <entry key="W:\Programming\AndroidStudio_Projects\Ptojects\MyApplication" value="true" />
        <entry key="W:\Programming\AndroidStudio_Projects\Ptojects\X" value="true" />
        <entry key="W:\Programming\AndroidStudio_Projects\com\ComposeNews-kmp" value="true" />
        <entry key="W:\Programming\AndroidStudio_Projects\com\audioquiz" value="true" />
      </map>
    </option>
  </component>
  <component name="Trusted.Paths.Settings">
    <option name="TRUSTED_PATHS">
      <list>
        <option value="W:\Programming\AndroidStudio_Projects\Ptojects\AudioQuizApp Main" />
        <option value="W:\Programming\AndroidStudio_Projects\Ptojects\External" />
      </list>
    </option>
  </component>
</application>