<application>
  <component name="DimensionService">
    <location key="WELCOME_SCREEN.0.0.1920.1080@120dpi" x="960" y="375" />
    <location key="find.popup.0.0.1920.1080@120dpi" x="745" y="51" />
    <location key="find.popup.1920.-436.1920.1080" x="3021" y="-393" />
    <location key="find.popup.-1920.2.1920.1080" x="-1565" y="27" />
    <location key="find.popup.-1920.-728.1920.1080" x="-870" y="-685" />
    <location key="find.popup.1920.-682.1920.1080" x="2331" y="-546" />
    <size key="find.popup.0.0.1920.1080@120dpi" width="1175" height="835" />
    <size key="find.popup.1920.-436.1920.1080" width="776" height="975" />
    <size key="GridCell.Tab.0.left.0.0.1920.1080@120dpi" width="1818" height="418" />
    <size key="GridCell.Tab.0.center.0.0.1920.1080@120dpi" width="1818" height="418" />
    <size key="GridCell.Tab.0.right.0.0.1920.1080@120dpi" width="1818" height="418" />
    <size key="GridCell.Tab.0.bottom.0.0.1920.1080@120dpi" width="1818" height="418" />
    <size key="GridCell.Tab.0.left.1920.-436.1920.1080" width="1838" height="304" />
    <size key="GridCell.Tab.0.center.1920.-436.1920.1080" width="1838" height="304" />
    <size key="GridCell.Tab.0.right.1920.-436.1920.1080" width="1838" height="304" />
    <size key="GridCell.Tab.0.bottom.1920.-436.1920.1080" width="1838" height="304" />
    <size key="GridCell.Tab.1.left.0.0.1920.1080@120dpi" width="1818" height="418" />
    <size key="GridCell.Tab.1.center.0.0.1920.1080@120dpi" width="1818" height="418" />
    <size key="GridCell.Tab.1.right.0.0.1920.1080@120dpi" width="1818" height="418" />
    <size key="GridCell.Tab.1.bottom.0.0.1920.1080@120dpi" width="1818" height="418" />
    <size key="find.popup.-1920.2.1920.1080" width="1087" height="1025" />
    <size key="find.popup.-1920.-728.1920.1080" width="870" height="975" />
    <size key="GridCell.Tab.0.left.-1920.-728.1920.1080" width="1838" height="304" />
    <size key="GridCell.Tab.0.center.-1920.-728.1920.1080" width="1838" height="304" />
    <size key="GridCell.Tab.0.right.-1920.-728.1920.1080" width="1838" height="304" />
    <size key="GridCell.Tab.0.bottom.-1920.-728.1920.1080" width="1838" height="304" />
    <size key="GridCell.Tab.1.left.-1920.-728.1920.1080" width="1838" height="304" />
    <size key="GridCell.Tab.1.center.-1920.-728.1920.1080" width="1838" height="304" />
    <size key="GridCell.Tab.1.right.-1920.-728.1920.1080" width="1838" height="304" />
    <size key="GridCell.Tab.1.bottom.-1920.-728.1920.1080" width="1838" height="304" />
    <size key="find.popup.1920.-682.1920.1080" width="814" height="726" />
    <size key="GridCell.Tab.0.left.1920.-682.1920.1080" width="1440" height="257" />
    <size key="GridCell.Tab.0.center.1920.-682.1920.1080" width="1440" height="257" />
    <size key="GridCell.Tab.0.right.1920.-682.1920.1080" width="1440" height="257" />
    <size key="GridCell.Tab.0.bottom.1920.-682.1920.1080" width="1440" height="257" />
    <size key="GridCell.Tab.1.left.1920.-682.1920.1080" width="1854" height="239" />
    <size key="GridCell.Tab.1.center.1920.-682.1920.1080" width="1854" height="239" />
    <size key="GridCell.Tab.1.right.1920.-682.1920.1080" width="1854" height="239" />
    <size key="GridCell.Tab.1.bottom.1920.-682.1920.1080" width="1854" height="239" />
    <size key="GridCell.Tab.0.left.-1920.2.1920.1080" width="119" height="-51" />
    <size key="GridCell.Tab.0.center.-1920.2.1920.1080" width="119" height="-51" />
    <size key="GridCell.Tab.0.right.-1920.2.1920.1080" width="119" height="-51" />
    <size key="GridCell.Tab.0.bottom.-1920.2.1920.1080" width="119" height="-51" />
    <size key="GridCell.Tab.1.left.-1920.2.1920.1080" width="1854" height="309" />
    <size key="GridCell.Tab.1.center.-1920.2.1920.1080" width="1854" height="309" />
    <size key="GridCell.Tab.1.right.-1920.2.1920.1080" width="1854" height="309" />
    <size key="GridCell.Tab.1.bottom.-1920.2.1920.1080" width="1854" height="309" />
  </component>
  <component name="WindowManager">
    <frame x="-9" y="-9" width="1938" height="1098" extendedState="6" />
  </component>
  <component name="WindowStateApplicationService">
    <state x="549" y="133" key="FileChooserDialogImpl" timestamp="1725647011712">
      <screen x="0" y="0" width="1536" height="834" />
    </state>
    <state x="549" y="133" key="FileChooserDialogImpl/0.0.1536.834" timestamp="1725647011712" />
    <state width="726" height="183" key="ShowUsagesActions.dimensionServiceKey" timestamp="1730567714933">
      <screen x="0" y="0" width="1536" height="864" />
    </state>
    <state width="728" height="183" key="ShowUsagesActions.dimensionServiceKey/0.0.1536.834" timestamp="1730521223432" />
    <state width="804" height="211" key="ShowUsagesActions.dimensionServiceKey/0.0.1536.834/-1920.2.1920.1050" timestamp="1725820614076" />
    <state width="796" height="111" key="ShowUsagesActions.dimensionServiceKey/0.0.1536.834/1920.-682.1920.1050" timestamp="1730287399723" />
    <state width="726" height="183" key="ShowUsagesActions.dimensionServiceKey/0.0.1536.864" timestamp="1730567714933" />
    <state x="768" y="386" width="1048" height="650" key="WELCOME_SCREEN" timestamp="1725683918483">
      <screen x="0" y="0" width="1536" height="834" />
    </state>
    <state x="768" y="386" width="1048" height="650" key="WELCOME_SCREEN/0.0.1536.834" timestamp="1725683918483" />
    <state x="3134" y="-224" width="1309" height="650" key="WELCOME_SCREEN/0.0.1536.834/1920.-682.1920.1050" timestamp="1722266155015" />
  </component>
</application>